<Ui xmlns="http://www.blizzard.com/wow/ui/" xmlns:xsi="http://www.w3.org/2001/XMLSchema-instance" xsi:schemaLocation="http://www.blizzard.com/wow/ui/
..\FrameXML\UI.xsd">

<Script file="Libs\AceLibrary\AceLibrary.lua"/>
<Script file="Libs\AceOO-2.0\AceOO-2.0.lua"/>
<Script file="Libs\AceAddon-2.0\AceAddon-2.0.lua"/>
<Script file="Libs\AceEvent-2.0\AceEvent-2.0.lua"/>
<Script file="Libs\AceDB-2.0\AceDB-2.0.lua"/>
<Script file="Libs\AceConsole-2.0\AceConsole-2.0.lua"/>
<Script file="Libs\AceDebug-2.0\AceDebug-2.0.lua"/>
<Script file="Libs\AceHook-2.1\AceHook-2.1.lua"/>
<Script file="Libs\AceLocale-2.2\AceLocale-2.2.lua"/>
<Script file="Libs\AceModuleCore-2.0\AceModuleCore-2.0.lua"/>
<Include file="Libs\LibBabble-Quests-3.0\lib.xml"/>

<Include file="Libs\LibAbacus-3.0\lib.xml"/>
<Script file="Libs\Dewdrop-2.0\Dewdrop-2.0.lua"/>
<Include file="Libs\CallbackHandler-1.0\CallbackHandler-1.0.xml"/>
<Script file="Libs\LibDataBroker-1.1\LibDataBroker-1.1.lua"/>

</Ui>
